                  epoch,         train/box_loss,         train/cls_loss,         train/dfl_loss,   metrics/precision(B),      metrics/recall(B),       metrics/mAP50(B),    metrics/mAP50-95(B),           val/box_loss,           val/cls_loss,           val/dfl_loss,                 lr/pg0,                 lr/pg1,                 lr/pg2
                      1,                 2.8867,                 4.2576,                 4.6117,                0.00443,                      1,                0.06268,                0.02017,                 1.4178,                 3.8952,                 4.1588,                 0.0001,                 0.0001,                 0.0001
                      2,                 2.7942,                 3.9125,                 4.4406,                0.00454,                      1,                0.03366,                0.01678,                 1.4175,                 3.8958,                 4.1585,             0.00017644,             0.00017644,             0.00017644
                      3,                 2.5481,                 3.7894,                 4.2836,                 0.0046,                      1,                0.14214,                0.02698,                 1.4216,                 3.8903,                 4.1582,             0.00020536,             0.00020536,             0.00020536
                      4,                 2.6128,                  3.568,                 4.2001,                0.00459,                      1,                0.09045,                0.02743,                 1.4293,                 3.8821,                 4.1591,             0.00018676,             0.00018676,             0.00018676
                      5,                 2.5509,                 3.4306,                  4.159,                0.00456,                      1,                0.09256,                0.02771,                 1.4389,                 3.8707,                 4.1611,             0.00012064,             0.00012064,             0.00012064
